  0	Sc0000000G0.97	Sc0000000G14.110
  0	Sc0000000G0.99	Sc0000000G15.173
  0	Sc0000000G1.136	Sc0000000G16.65
  0	Sc0000000G1.147	Sc0000000G16.138
  0	Sc0000000G3.64	Sc0000000G18.138
  0	Sc0000000G4.138	Sc0000000G18.123
  0	Sc0000000G4.45	Sc0000000G19.104
  0	Sc0000000G5.123	Sc0000000G19.302
  1	Sc0000000G9.198	Sc0000003G1.119
  1	Sc0000000G11.198	Sc0000003G2.158
  1	Sc0000000G12.129	Sc0000003G4.143
  1	Sc0000000G16.138	Sc0000003G4.144
  1	Sc0000000G16.160	Sc0000003G7.104
  1	Sc0000000G16.155	Sc0000003G7.105
  1	Sc0000000G18.123	Sc0000003G8.74
  2	Sc0000000G2.52	Sc0000003G13.284
  2	Sc0000000G2.153	Sc0000003G12.3
  2	Sc0000000G4.138	Sc0000003G8.74
  2	Sc0000000G5.107	Sc0000003G7.105
  2	Sc0000000G6.217	Sc0000003G4.144
  2	Sc0000000G6.219	Sc0000003G4.78
  2	Sc0000000G6.210	Sc0000003G3.109
  3	Sc0000000G8.118	Sc0000006G0.95
  3	Sc0000000G9.198	Sc0000006G1.198
  3	Sc0000000G11.196	Sc0000006G2.194
  3	Sc0000000G12.125	Sc0000006G3.122
  3	Sc0000000G12.115	Sc0000006G5.201
  3	Sc0000000G13.133	Sc0000006G6.127
  3	Sc0000000G16.138	Sc0000006G6.129
  3	Sc0000000G16.158	Sc0000006G7.178
  3	Sc0000000G16.155	Sc0000006G8.176
  3	Sc0000000G19.104	Sc0000006G8.168
  3	Sc0000000G19.289	Sc0000006G10.99
  4	Sc0000000G2.141	Sc0000006G6.129
  4	Sc0000000G3.169	Sc0000006G7.178
  4	Sc0000000G4.138	Sc0000006G8.173
  4	Sc0000000G4.45	Sc0000006G8.168
  4	Sc0000000G6.69	Sc0000006G10.99
  4	Sc0000000G7.98	Sc0000006G10.232
  4	Sc0000000G8.118	Sc0000006G12.105
  5	Sc0000000G4.126	Sc0000006G9.126
  5	Sc0000000G4.45	Sc0000006G8.168
  5	Sc0000000G5.121	Sc0000006G8.144
  5	Sc0000000G5.113	Sc0000006G7.188
  5	Sc0000000G6.219	Sc0000006G6.3
  5	Sc0000000G6.46	Sc0000006G4.124
  5	Sc0000000G9.85	Sc0000006G2.181
  5	Sc0000000G9.124	Sc0000006G2.190
  6	Sc0000000G10.168	Sc0000006G7.188
  6	Sc0000000G10.112	Sc0000006G6.3
  6	Sc0000000G11.193	Sc0000006G6.127
  6	Sc0000000G13.131	Sc0000006G5.201
  6	Sc0000000G16.158	Sc0000006G4.80
  6	Sc0000000G17.147	Sc0000006G2.206
  6	Sc0000000G17.149	Sc0000006G2.202
  7	Sc0000000G9.210	Sc0000009G0.27
  7	Sc0000000G10.172	Sc0000009G5.156
  7	Sc0000000G11.60	Sc0000009G7.117
  7	Sc0000000G11.198	Sc0000009G7.116
  7	Sc0000000G13.16	Sc0000009G10.131
  7	Sc0000000G16.160	Sc0000009G10.132
  7	Sc0000000G19.289	Sc0000009G11.202
  8	Sc0000000G12.126	Sc0000009G11.202
  8	Sc0000000G13.16	Sc0000009G10.131
  8	Sc0000000G15.173	Sc0000009G6.96
  8	Sc0000000G16.160	Sc0000009G5.156
  8	Sc0000000G16.161	Sc0000009G4.120
  8	Sc0000000G19.117	Sc0000009G4.34
  9	Sc0000000G11.191	Sc0000010G7.154
  9	Sc0000000G11.60	Sc0000010G8.173
  9	Sc0000000G12.125	Sc0000010G8.174
  9	Sc0000000G13.16	Sc0000010G10.257
  9	Sc0000000G15.161	Sc0000010G10.280
  9	Sc0000000G16.138	Sc0000010G10.286
 10	Sc0000000G11.1	Sc0000010G1.161
 10	Sc0000000G11.193	Sc0000010G1.165
 10	Sc0000000G13.131	Sc0000010G4.73
 10	Sc0000000G14.108	Sc0000010G4.139
 10	Sc0000000G16.139	Sc0000010G5.6
 10	Sc0000000G16.154	Sc0000010G6.152
 11	Sc0000000G7.9	Sc0000010G10.280
 11	Sc0000000G9.124	Sc0000010G8.174
 11	Sc0000000G10.168	Sc0000010G8.173
 11	Sc0000000G11.191	Sc0000010G7.154
 11	Sc0000000G12.100	Sc0000010G5.150
 11	Sc0000000G13.131	Sc0000010G4.73
 11	Sc0000000G14.108	Sc0000010G1.165
 11	Sc0000000G15.173	Sc0000010G1.161
 11	Sc0000000G15.2	Sc0000010G0.80
 11	Sc0000000G16.138	Sc0000010G0.79
 12	Sc0000000G5.113	Sc0000011G0.144
 12	Sc0000000G7.124	Sc0000011G1.126
 12	Sc0000000G9.85	Sc0000011G2.148
 12	Sc0000000G9.193	Sc0000011G2.151
 12	Sc0000000G9.198	Sc0000011G2.27
 12	Sc0000000G11.193	Sc0000011G3.131
 12	Sc0000000G14.110	Sc0000011G4.178
 12	Sc0000000G16.160	Sc0000011G4.189
 12	Sc0000000G19.104	Sc0000011G4.196
 13	Sc0000000G4.65	Sc0000011G7.174
 13	Sc0000000G5.106	Sc0000011G8.241
 13	Sc0000000G5.113	Sc0000011G9.136
 13	Sc0000000G6.203	Sc0000011G10.326
 13	Sc0000000G6.69	Sc0000011G10.335
 13	Sc0000000G9.85	Sc0000011G10.336
 13	Sc0000000G10.172	Sc0000011G10.359
 14	Sc0000000G6.69	Sc0000011G10.335
 14	Sc0000000G8.118	Sc0000011G10.326
 14	Sc0000000G9.193	Sc0000011G9.45
 14	Sc0000000G10.112	Sc0000011G7.169
 14	Sc0000000G12.126	Sc0000011G5.178
 14	Sc0000000G14.110	Sc0000011G5.174
 14	Sc0000000G16.144	Sc0000011G4.34
 14	Sc0000000G16.139	Sc0000011G3.142
 14	Sc0000000G17.149	Sc0000011G3.131
 14	Sc0000000G19.296	Sc0000011G2.41
 14	Sc0000000G19.207	Sc0000011G2.146
 15	Sc0000000G1.135	Sc0000011G10.328
 15	Sc0000000G2.135	Sc0000011G10.115
 15	Sc0000000G2.141	Sc0000011G9.136
 15	Sc0000000G4.65	Sc0000011G7.174
 15	Sc0000000G5.106	Sc0000011G6.160
 15	Sc0000000G5.118	Sc0000011G6.152
 15	Sc0000000G6.60	Sc0000011G3.142
 15	Sc0000000G8.113	Sc0000011G3.131
 15	Sc0000000G9.88	Sc0000011G1.141
 15	Sc0000000G9.198	Sc0000011G1.133
 16	Sc0000000G9.193	Sc0000014G10.246
 16	Sc0000000G10.168	Sc0000014G9.159
 16	Sc0000000G12.125	Sc0000014G8.173
 16	Sc0000000G12.115	Sc0000014G8.157
 16	Sc0000000G15.175	Sc0000014G8.93
 16	Sc0000000G16.65	Sc0000014G8.140
 16	Sc0000000G16.138	Sc0000014G7.244
 16	Sc0000000G18.139	Sc0000014G7.242
 16	Sc0000000G19.296	Sc0000014G7.238
 16	Sc0000000G19.117	Sc0000014G7.233
 17	Sc0000000G3.175	Sc0000014G10.261
 17	Sc0000000G4.65	Sc0000014G9.142
 17	Sc0000000G5.113	Sc0000014G9.50
 17	Sc0000000G7.124	Sc0000014G7.244
 17	Sc0000000G7.126	Sc0000014G7.17
 17	Sc0000000G9.193	Sc0000014G7.237
 17	Sc0000000G9.210	Sc0000014G7.227
 17	Sc0000000G9.198	Sc0000014G5.164
 17	Sc0000000G11.1	Sc0000014G5.61
 18	Sc0000000G1.139	Sc0000015G1.69
 18	Sc0000000G2.153	Sc0000015G4.193
 18	Sc0000000G4.126	Sc0000015G4.183
 18	Sc0000000G5.123	Sc0000015G5.222
 18	Sc0000000G6.210	Sc0000015G7.165
 18	Sc0000000G7.78	Sc0000015G8.163
 18	Sc0000000G9.86	Sc0000015G8.180
 18	Sc0000000G9.193	Sc0000015G8.165
 18	Sc0000000G11.198	Sc0000015G8.170
 18	Sc0000000G15.173	Sc0000015G10.222
 18	Sc0000000G16.65	Sc0000015G10.237
 19	Sc0000000G6.219	Sc0000015G9.180
 19	Sc0000000G7.124	Sc0000015G8.164
 19	Sc0000000G7.78	Sc0000015G6.133
 19	Sc0000000G7.131	Sc0000015G5.222
 19	Sc0000000G10.172	Sc0000015G5.213
 19	Sc0000000G11.196	Sc0000015G2.145
 19	Sc0000000G12.129	Sc0000015G1.202
 19	Sc0000000G16.160	Sc0000015G1.108
 19	Sc0000000G19.117	Sc0000015G1.69
 20	Sc0000001G4.65	Sc0000003G2.158
 20	Sc0000001G14.189	Sc0000003G4.143
 20	Sc0000001G16.112	Sc0000003G4.144
 20	Sc0000001G17.169	Sc0000003G7.105
 20	Sc0000001G18.288	Sc0000003G13.284
 20	Sc0000001G18.297	Sc0000003G13.290
 21	Sc0000001G12.95	Sc0000004G12.263
 21	Sc0000001G14.200	Sc0000004G10.66
 21	Sc0000001G14.194	Sc0000004G5.141
 21	Sc0000001G16.75	Sc0000004G3.163
 21	Sc0000001G16.112	Sc0000004G3.161
 21	Sc0000001G18.295	Sc0000004G1.122
 22	Sc0000001G0.83	Sc0000006G5.198
 22	Sc0000001G1.164	Sc0000006G7.188
 22	Sc0000001G3.169	Sc0000006G9.126
 22	Sc0000001G12.106	Sc0000006G10.99
 22	Sc0000001G14.194	Sc0000006G10.232
 22	Sc0000001G14.188	Sc0000006G11.2
 22	Sc0000001G17.168	Sc0000006G11.9
 23	Sc0000001G0.83	Sc0000010G2.165
 23	Sc0000001G1.162	Sc0000010G3.82
 23	Sc0000001G14.200	Sc0000010G5.163
 23	Sc0000001G15.85	Sc0000010G5.156
 23	Sc0000001G18.295	Sc0000010G7.153
 23	Sc0000001G18.297	Sc0000010G8.168
 23	Sc0000001G18.291	Sc0000010G10.280
 24	Sc0000001G0.83	Sc0000010G10.280
 24	Sc0000001G3.18	Sc0000010G8.173
 24	Sc0000001G14.194	Sc0000010G8.164
 24	Sc0000001G14.188	Sc0000010G7.154
 24	Sc0000001G15.85	Sc0000010G5.156
 24	Sc0000001G17.147	Sc0000010G3.187
 24	Sc0000001G18.297	Sc0000010G2.165
 25	Sc0000001G3.18	Sc0000015G1.195
 25	Sc0000001G14.200	Sc0000015G2.0
 25	Sc0000001G14.194	Sc0000015G2.83
 25	Sc0000001G15.85	Sc0000015G4.173
 25	Sc0000001G17.165	Sc0000015G5.222
 25	Sc0000001G18.288	Sc0000015G6.133
 26	Sc0000001G1.162	Sc0000015G9.178
 26	Sc0000001G2.59	Sc0000015G8.163
 26	Sc0000001G3.169	Sc0000015G7.179
 26	Sc0000001G14.200	Sc0000015G6.133
 26	Sc0000001G14.194	Sc0000015G5.215
 26	Sc0000001G15.85	Sc0000015G4.173
 26	Sc0000001G16.112	Sc0000015G1.204
 26	Sc0000001G18.200	Sc0000015G1.69
 27	Sc0000003G2.51	Sc0000006G4.127
 27	Sc0000003G2.2	Sc0000006G4.114
 27	Sc0000003G4.143	Sc0000006G7.171
 27	Sc0000003G4.144	Sc0000006G7.172
 27	Sc0000003G7.104	Sc0000006G9.128
 27	Sc0000003G13.284	Sc0000006G11.9
 27	Sc0000003G13.290	Sc0000006G11.186
 28	Sc0000003G2.2	Sc0000010G7.140
 28	Sc0000003G4.141	Sc0000010G7.153
 28	Sc0000003G4.78	Sc0000010G8.174
 28	Sc0000003G6.39	Sc0000010G8.163
 28	Sc0000003G7.104	Sc0000010G10.258
 28	Sc0000003G13.290	Sc0000010G10.285
 29	Sc0000003G2.2	Sc0000015G0.43
 29	Sc0000003G4.143	Sc0000015G1.202
 29	Sc0000003G4.144	Sc0000015G1.204
 29	Sc0000003G7.104	Sc0000015G2.146
 29	Sc0000003G13.285	Sc0000015G4.173
 29	Sc0000003G13.286	Sc0000015G4.193
 30	Sc0000004G1.121	Sc0000015G8.180
 30	Sc0000004G2.48	Sc0000015G7.171
 30	Sc0000004G3.163	Sc0000015G5.215
 30	Sc0000004G3.41	Sc0000015G3.130
 30	Sc0000004G5.139	Sc0000015G2.83
 30	Sc0000004G10.66	Sc0000015G2.0
 30	Sc0000004G12.262	Sc0000015G1.69
 31	Sc0000006G2.206	Sc0000010G2.165
 31	Sc0000006G4.27	Sc0000010G5.163
 31	Sc0000006G5.198	Sc0000010G6.147
 31	Sc0000006G6.127	Sc0000010G7.83
 31	Sc0000006G7.172	Sc0000010G7.140
 31	Sc0000006G7.188	Sc0000010G8.173
 31	Sc0000006G7.168	Sc0000010G8.168
 31	Sc0000006G10.99	Sc0000010G8.139
 31	Sc0000006G11.2	Sc0000010G10.280
 32	Sc0000006G0.93	Sc0000010G10.268
 32	Sc0000006G1.194	Sc0000010G10.94
 32	Sc0000006G2.206	Sc0000010G6.161
 32	Sc0000006G3.119	Sc0000010G5.150
 32	Sc0000006G5.201	Sc0000010G4.73
 32	Sc0000006G6.127	Sc0000010G3.192
 32	Sc0000006G8.157	Sc0000010G1.165
 32	Sc0000006G9.125	Sc0000010G1.161
 33	Sc0000006G0.11	Sc0000011G0.144
 33	Sc0000006G1.173	Sc0000011G1.134
 33	Sc0000006G2.181	Sc0000011G2.148
 33	Sc0000006G5.205	Sc0000011G2.95
 33	Sc0000006G7.95	Sc0000011G3.141
 33	Sc0000006G9.126	Sc0000011G3.142
 33	Sc0000006G10.99	Sc0000011G4.182
 33	Sc0000006G11.9	Sc0000011G4.1
 33	Sc0000006G11.186	Sc0000011G4.178
 34	Sc0000006G0.93	Sc0000011G1.63
 34	Sc0000006G1.198	Sc0000011G2.146
 34	Sc0000006G2.194	Sc0000011G3.131
 34	Sc0000006G5.203	Sc0000011G4.196
 34	Sc0000006G5.198	Sc0000011G5.166
 34	Sc0000006G6.127	Sc0000011G6.160
 34	Sc0000006G8.182	Sc0000011G7.190
 35	Sc0000006G5.204	Sc0000014G5.168
 35	Sc0000006G5.207	Sc0000014G6.98
 35	Sc0000006G5.198	Sc0000014G6.109
 35	Sc0000006G7.95	Sc0000014G7.237
 35	Sc0000006G7.188	Sc0000014G7.242
 35	Sc0000006G8.176	Sc0000014G7.217
 35	Sc0000006G9.78	Sc0000014G8.93
 35	Sc0000006G11.186	Sc0000014G10.111
 36	Sc0000006G1.202	Sc0000014G6.98
 36	Sc0000006G2.194	Sc0000014G6.109
 36	Sc0000006G3.56	Sc0000014G6.142
 36	Sc0000006G4.114	Sc0000014G7.244
 36	Sc0000006G5.201	Sc0000014G9.158
 36	Sc0000006G5.55	Sc0000014G9.159
 36	Sc0000006G7.188	Sc0000014G10.246
 37	Sc0000006G1.202	Sc0000014G10.246
 37	Sc0000006G2.194	Sc0000014G10.249
 37	Sc0000006G3.119	Sc0000014G9.159
 37	Sc0000006G5.201	Sc0000014G9.158
 37	Sc0000006G7.172	Sc0000014G9.147
 37	Sc0000006G8.176	Sc0000014G7.217
 37	Sc0000006G8.168	Sc0000014G7.139
 37	Sc0000006G9.78	Sc0000014G7.222
 37	Sc0000006G10.147	Sc0000014G6.110
 38	Sc0000006G1.173	Sc0000014G7.227
 38	Sc0000006G2.194	Sc0000014G6.109
 38	Sc0000006G3.119	Sc0000014G6.96
 38	Sc0000006G5.204	Sc0000014G5.168
 38	Sc0000006G5.210	Sc0000014G5.171
 38	Sc0000006G6.127	Sc0000014G4.189
 38	Sc0000006G8.180	Sc0000014G3.164
 38	Sc0000006G9.128	Sc0000014G2.125
 38	Sc0000006G10.147	Sc0000014G0.101
 39	Sc0000006G5.207	Sc0000014G10.246
 39	Sc0000006G7.188	Sc0000014G9.159
 39	Sc0000006G8.176	Sc0000014G9.142
 39	Sc0000006G9.78	Sc0000014G8.93
 39	Sc0000006G11.186	Sc0000014G8.165
 39	Sc0000006G11.36	Sc0000014G7.210
 39	Sc0000006G12.250	Sc0000014G7.139
 40	Sc0000006G4.114	Sc0000015G0.43
 40	Sc0000006G5.198	Sc0000015G1.69
 40	Sc0000006G5.201	Sc0000015G1.110
 40	Sc0000006G6.127	Sc0000015G1.204
 40	Sc0000006G7.168	Sc0000015G1.198
 40	Sc0000006G8.176	Sc0000015G2.139
 40	Sc0000006G10.99	Sc0000015G3.130
 40	Sc0000006G10.147	Sc0000015G4.173
 40	Sc0000006G11.186	Sc0000015G4.178
 40	Sc0000006G12.250	Sc0000015G6.137
 41	Sc0000006G1.194	Sc0000015G2.139
 41	Sc0000006G2.181	Sc0000015G3.130
 41	Sc0000006G4.127	Sc0000015G4.173
 41	Sc0000006G5.207	Sc0000015G6.5
 41	Sc0000006G7.178	Sc0000015G6.133
 41	Sc0000006G8.176	Sc0000015G6.147
 41	Sc0000006G8.144	Sc0000015G7.23
 41	Sc0000006G10.99	Sc0000015G9.180
 41	Sc0000006G10.147	Sc0000015G10.223
 42	Sc0000006G2.190	Sc0000015G10.238
 42	Sc0000006G4.122	Sc0000015G10.232
 42	Sc0000006G5.204	Sc0000015G9.159
 42	Sc0000006G7.178	Sc0000015G8.163
 42	Sc0000006G7.188	Sc0000015G7.175
 42	Sc0000006G8.182	Sc0000015G6.139
 42	Sc0000006G9.66	Sc0000015G6.5
 42	Sc0000006G10.232	Sc0000015G2.83
 42	Sc0000006G11.186	Sc0000015G1.205
 42	Sc0000006G12.250	Sc0000015G1.69
 43	Sc0000009G0.27	Sc0000014G1.103
 43	Sc0000009G7.117	Sc0000014G3.46
 43	Sc0000009G10.132	Sc0000014G3.164
 43	Sc0000009G10.46	Sc0000014G4.199
 43	Sc0000009G11.204	Sc0000014G6.145
 43	Sc0000009G11.202	Sc0000014G7.237
 43	Sc0000009G11.195	Sc0000014G8.158
 44	Sc0000009G2.150	Sc0000014G10.261
 44	Sc0000009G3.126	Sc0000014G10.19
 44	Sc0000009G4.34	Sc0000014G9.136
 44	Sc0000009G6.96	Sc0000014G9.49
 44	Sc0000009G11.202	Sc0000014G8.173
 44	Sc0000009G11.195	Sc0000014G8.158
 45	Sc0000010G1.161	Sc0000014G6.110
 45	Sc0000010G1.165	Sc0000014G7.237
 45	Sc0000010G2.166	Sc0000014G7.242
 45	Sc0000010G4.139	Sc0000014G9.54
 45	Sc0000010G6.149	Sc0000014G9.142
 45	Sc0000010G8.164	Sc0000014G9.158
 45	Sc0000010G8.173	Sc0000014G9.159
 45	Sc0000010G8.139	Sc0000014G10.249
 45	Sc0000010G10.268	Sc0000014G10.19
 46	Sc0000010G0.10	Sc0000015G10.10
 46	Sc0000010G1.165	Sc0000015G9.159
 46	Sc0000010G2.165	Sc0000015G8.169
 46	Sc0000010G3.201	Sc0000015G7.165
 46	Sc0000010G5.169	Sc0000015G6.137
 46	Sc0000010G7.153	Sc0000015G4.193
 46	Sc0000010G8.176	Sc0000015G2.139
 46	Sc0000010G9.140	Sc0000015G1.205
 46	Sc0000010G10.267	Sc0000015G1.69
 47	Sc0000011G4.190	Sc0000014G5.168
 47	Sc0000011G4.1	Sc0000014G5.164
 47	Sc0000011G4.176	Sc0000014G5.170
 47	Sc0000011G5.174	Sc0000014G6.140
 47	Sc0000011G5.178	Sc0000014G7.238
 47	Sc0000011G6.152	Sc0000014G7.139
 48	Sc0000011G1.129	Sc0000015G1.205
 48	Sc0000011G2.151	Sc0000015G1.195
 48	Sc0000011G2.145	Sc0000015G4.173
 48	Sc0000011G3.142	Sc0000015G4.183
 48	Sc0000011G4.182	Sc0000015G5.213
 48	Sc0000011G4.34	Sc0000015G6.133
 49	Sc0000011G8.211	Sc0000015G5.222
 49	Sc0000011G9.135	Sc0000015G6.137
 49	Sc0000011G9.136	Sc0000015G7.175
 49	Sc0000011G10.115	Sc0000015G8.163
 49	Sc0000011G10.336	Sc0000015G9.178
 49	Sc0000011G10.363	Sc0000015G10.80
 50	Sc0000014G6.145	Sc0000015G1.108
 50	Sc0000014G6.109	Sc0000015G4.173
 50	Sc0000014G7.235	Sc0000015G4.183
 50	Sc0000014G7.213	Sc0000015G5.222
 50	Sc0000014G7.242	Sc0000015G6.135
 50	Sc0000014G9.147	Sc0000015G6.147
 50	Sc0000014G9.54	Sc0000015G7.73
 50	Sc0000014G9.159	Sc0000015G7.175
 50	Sc0000014G10.249	Sc0000015G8.180
 51	Sc0000014G0.91	Sc0000015G1.202
 51	Sc0000014G2.125	Sc0000015G4.183
 51	Sc0000014G3.164	Sc0000015G4.179
 51	Sc0000014G3.167	Sc0000015G6.133
 51	Sc0000014G4.166	Sc0000015G6.135
 51	Sc0000014G4.66	Sc0000015G8.163
 51	Sc0000014G6.145	Sc0000015G9.159
 51	Sc0000014G6.140	Sc0000015G10.80
 52	Sc0000014G3.164	Sc0000015G1.5
 52	Sc0000014G4.166	Sc0000015G4.173
 52	Sc0000014G4.170	Sc0000015G4.183
 52	Sc0000014G6.98	Sc0000015G6.5
 52	Sc0000014G7.237	Sc0000015G6.77
 52	Sc0000014G7.17	Sc0000015G7.166
 52	Sc0000014G8.165	Sc0000015G7.23
 52	Sc0000014G9.136	Sc0000015G9.160
 53	Sc0000014G0.68	Sc0000015G9.178
 53	Sc0000014G0.101	Sc0000015G8.180
 53	Sc0000014G1.120	Sc0000015G7.175
 53	Sc0000014G2.131	Sc0000015G7.165
 53	Sc0000014G4.66	Sc0000015G6.133
 53	Sc0000014G5.170	Sc0000015G4.173
 53	Sc0000014G6.140	Sc0000015G1.69
